{
    "|Box|BoxShape": {
        "spans": 16,
        "degree": 1,
        "form": 0,
        "cv_len": 17,
        "cv_pos": [
            [
                -9.08607776355609,
                9.08607776355608,
                9.086077763556062
            ],
            [
                -9.08607776355609,
                9.08607776355608,
                -9.086077763556062
            ],
            [
                9.086077763556062,
                9.08607776355608,
                -9.086077763556062
            ],
            [
                9.086077763556062,
                9.08607776355608,
                9.086077763556062
            ],
            [
                -9.08607776355609,
                9.08607776355608,
                9.086077763556062
            ],
            [
                9.086077763556062,
                9.08607776355608,
                9.086077763556062
            ],
            [
                9.086077763556062,
                -9.08607776355607,
                9.086077763556062
            ],
            [
                -9.08607776355609,
                -9.08607776355607,
                9.086077763556062
            ],
            [
                -9.08607776355609,
                9.08607776355608,
                9.086077763556062
            ],
            [
                -9.08607776355609,
                -9.08607776355607,
                9.086077763556062
            ],
            [
                -9.08607776355609,
                -9.08607776355607,
                -9.086077763556062
            ],
            [
                -9.08607776355609,
                9.08607776355608,
                -9.086077763556062
            ],
            [
                -9.08607776355609,
                -9.08607776355607,
                -9.086077763556062
            ],
            [
                9.086077763556062,
                -9.08607776355607,
                -9.086077763556062
            ],
            [
                9.086077763556062,
                9.08607776355608,
                -9.086077763556062
            ],
            [
                9.086077763556062,
                -9.08607776355607,
                -9.086077763556062
            ],
            [
                9.086077763556062,
                -9.08607776355607,
                9.086077763556062
            ]
        ],
        "tag": "default"
    }
}