{
    "|circle|curveShape7": {
        "spans": 8,
        "degree": 3,
        "form": 2,
        "cv_len": 8,
        "cv_pos": [
            [
                19.433962184210127,
                0.0,
                -19.433962184210134
            ],
            [
                1.682895725006831e-15,
                0.0,
                -27.483772891555816
            ],
            [
                -19.433962184210127,
                0.0,
                -19.433962184210127
            ],
            [
                -27.48377289155583,
                0.0,
                -2.5065876091456995e-15
            ],
            [
                -19.433962184210127,
                0.0,
                19.433962184210127
            ],
            [
                -2.753068327560112e-15,
                0.0,
                27.483772891555834
            ],
            [
                19.433962184210127,
                0.0,
                19.433962184210127
            ],
            [
                27.48377289155583,
                0.0,
                2.6661284361338042e-15
            ]
        ],
        "tag": "default"
    }
}