{
    "|Cross|curveShape9": {
        "spans": 12,
        "degree": 1,
        "form": 0,
        "cv_len": 13,
        "cv_pos": [
            [
                8.069397193365372,
                2.6645352591003757e-15,
                -24.208191580096116
            ],
            [
                -8.069397193365372,
                2.6645352591003757e-15,
                -24.208191580096116
            ],
            [
                -8.069397193365372,
                2.220446049250313e-16,
                -8.069397193365372
            ],
            [
                -24.20819158009611,
                2.220446049250313e-16,
                -8.069397193365372
            ],
            [
                -24.20819158009611,
                -2.220446049250313e-16,
                8.069397193365372
            ],
            [
                -8.069397193365372,
                -2.220446049250313e-16,
                8.069397193365372
            ],
            [
                -8.069397193365372,
                -2.6645352591003757e-15,
                24.208191580096116
            ],
            [
                8.069397193365372,
                -2.6645352591003757e-15,
                24.208191580096116
            ],
            [
                8.069397193365372,
                -2.220446049250313e-16,
                8.069397193365372
            ],
            [
                24.20819158009611,
                -2.220446049250313e-16,
                8.069397193365372
            ],
            [
                24.20819158009611,
                2.220446049250313e-16,
                -8.069397193365372
            ],
            [
                8.069397193365372,
                2.220446049250313e-16,
                -8.069397193365372
            ],
            [
                8.069397193365372,
                2.6645352591003757e-15,
                -24.208191580096116
            ]
        ],
        "tag": "default"
    }
}