{
    "|gear|curveShape27": {
        "spans": 8,
        "degree": 3,
        "form": 2,
        "cv_len": 8,
        "cv_pos": [
            [
                7.541242065093843,
                4.617678104126962e-16,
                -7.541240637450691
            ],
            [
                1.427643144147583e-06,
                6.530383001529638e-16,
                -10.664924786601883
            ],
            [
                -7.541239209807541,
                4.617678104126962e-16,
                -7.541240637450691
            ],
            [
                -10.66492335895874,
                4.066996655525913e-31,
                -2.7034129458677653e-15
            ],
            [
                -7.541239209807541,
                -4.617678104126962e-16,
                7.541240637450691
            ],
            [
                1.4276431424262318e-06,
                -6.530383001529643e-16,
                10.664924786601887
            ],
            [
                7.541242065093843,
                -4.617678104126962e-16,
                7.541240637450691
            ],
            [
                10.664926214245039,
                2.837914423362243e-31,
                -6.961693340453077e-16
            ]
        ],
        "tag": "default"
    },
    "|gear|curveShape28": {
        "spans": 24,
        "degree": 1,
        "form": 0,
        "cv_len": 25,
        "cv_pos": [
            [
                -5.275530329032663,
                2.1367400908088413e-31,
                15.229145405125838
            ],
            [
                -2.637765320061756,
                2.1367400908088413e-31,
                21.09084472956758
            ],
            [
                2.637765045626855,
                2.1367400908088413e-31,
                21.09084472956758
            ],
            [
                5.275530750091361,
                2.1367400908088413e-31,
                15.229145405125838
            ],
            [
                10.551060072539583,
                2.1367400908088413e-31,
                12.183316045903222
            ],
            [
                16.94632469750154,
                2.1367400908088413e-31,
                12.82979403645394
            ],
            [
                19.584088489358624,
                2.1367400908088413e-31,
                8.261051388607232
            ],
            [
                15.826591133721788,
                2.1367400908088413e-31,
                3.0458290114758055
            ],
            [
                15.826591133721788,
                2.1367400908088413e-31,
                -3.0458290114758055
            ],
            [
                19.584088489358624,
                2.1367400908088413e-31,
                -8.261051388607232
            ],
            [
                16.94632469750154,
                2.1367400908088413e-31,
                -12.82979403645394
            ],
            [
                10.551060072539583,
                2.1367400908088413e-31,
                -12.183316045903222
            ],
            [
                5.275530750091361,
                2.1367400908088413e-31,
                -15.229145405125838
            ],
            [
                2.637765045626855,
                2.1367400908088413e-31,
                -21.09084472956758
            ],
            [
                -2.637765320061756,
                2.1367400908088413e-31,
                -21.09084472956758
            ],
            [
                -5.275530329032663,
                2.1367400908088413e-31,
                -15.229145405125838
            ],
            [
                -10.551059999227672,
                2.1367400908088413e-31,
                -12.183316045903222
            ],
            [
                -16.946323233202463,
                2.1367400908088413e-31,
                -12.829795427441141
            ],
            [
                -19.584089807033962,
                2.1367400908088413e-31,
                -8.26105277959442
            ],
            [
                -15.826589669422704,
                2.1367400908088413e-31,
                -3.0458307502097988
            ],
            [
                -15.826589669422704,
                2.1367400908088413e-31,
                3.0458262295014182
            ],
            [
                -19.584089807033962,
                2.1367400908088413e-31,
                8.26104791113925
            ],
            [
                -16.946323233202463,
                2.1367400908088413e-31,
                12.829792645466757
            ],
            [
                -10.551059999227672,
                2.1367400908088413e-31,
                12.183314654916039
            ],
            [
                -5.275530329032663,
                2.1367400908088413e-31,
                15.229145405125838
            ]
        ],
        "tag": "default"
    }
}