{
    "|IK_FK|curveShape30": {
        "spans": 4,
        "degree": 1,
        "form": 0,
        "cv_len": 5,
        "cv_pos": [
            [
                1.732743540028594,
                -6.470892616466553e-17,
                -12.633688102275572
            ],
            [
                -2.978095265421763,
                -5.9517050851752335e-15,
                -0.8878455011139712
            ],
            [
                -1.3572469417399127,
                -5.9517050851752335e-15,
                -0.8878455011139712
            ],
            [
                3.3535918637104465,
                -6.470892616466553e-17,
                -12.633688102275572
            ],
            [
                1.732743540028594,
                -6.470892616466553e-17,
                -12.633688102275572
            ]
        ],
        "tag": "default"
    },
    "|IK_FK|curveShape31": {
        "spans": 12,
        "degree": 1,
        "form": 0,
        "cv_len": 13,
        "cv_pos": [
            [
                -24.09865799849394,
                8.721852505194386e-15,
                -10.945084293550133
            ],
            [
                -24.09865799849394,
                -8.499807900269363e-15,
                -8.430774595441088
            ],
            [
                -21.584348300384903,
                -8.499807900269363e-15,
                -8.430774595441088
            ],
            [
                -21.584348300384903,
                -3.755064727335474e-15,
                -3.402155199222996
            ],
            [
                -24.09865799849394,
                -3.755064727335474e-15,
                -3.402155199222996
            ],
            [
                -24.09865799849394,
                -5.9517050851752335e-15,
                -0.8878455011139712
            ],
            [
                -16.55572890416682,
                -5.9517050851752335e-15,
                -0.8878455011139712
            ],
            [
                -16.55572890416682,
                -3.755064727335474e-15,
                -3.402155199222996
            ],
            [
                -19.070038602275893,
                -3.755064727335474e-15,
                -3.402155199222996
            ],
            [
                -19.070038602275893,
                -8.499807900269363e-15,
                -8.430774595441088
            ],
            [
                -16.55572890416682,
                -8.499807900269363e-15,
                -8.430774595441088
            ],
            [
                -16.55572890416682,
                8.721852505194386e-15,
                -10.945084293550133
            ],
            [
                -24.09865799849394,
                8.721852505194386e-15,
                -10.945084293550133
            ]
        ],
        "tag": "default"
    },
    "|IK_FK|curveShape32": {
        "spans": 11,
        "degree": 1,
        "form": 0,
        "cv_len": 12,
        "cv_pos": [
            [
                -11.527109507948738,
                8.721852505194386e-15,
                -10.945084293550133
            ],
            [
                -11.527109507948738,
                -5.9517050851752335e-15,
                -0.8878455011139712
            ],
            [
                -9.012799809839676,
                -5.9517050851752335e-15,
                -0.8878455011139712
            ],
            [
                -9.012799809839676,
                -3.755064727335474e-15,
                -3.402155199222996
            ],
            [
                -6.498490111730647,
                -5.9517050851752335e-15,
                -0.8878455011139712
            ],
            [
                -3.9841804136215937,
                -5.9517050851752335e-15,
                -0.8878455011139712
            ],
            [
                -6.498490111730647,
                -4.282258413217015e-15,
                -5.916464897332041
            ],
            [
                -3.9841804136215937,
                8.721852505194386e-15,
                -10.945084293550133
            ],
            [
                -6.498490111730647,
                8.721852505194386e-15,
                -10.945084293550133
            ],
            [
                -9.012799809839676,
                -8.499807900269363e-15,
                -8.430774595441088
            ],
            [
                -9.012799809839676,
                8.721852505194386e-15,
                -10.945084293550133
            ],
            [
                -11.527109507948738,
                8.721852505194386e-15,
                -10.945084293550133
            ]
        ],
        "tag": "default"
    },
    "|IK_FK|curveShape33": {
        "spans": 10,
        "degree": 1,
        "form": 0,
        "cv_len": 11,
        "cv_pos": [
            [
                3.9841804136216608,
                8.721852505194386e-15,
                -10.945084293550133
            ],
            [
                11.527109507948762,
                8.721852505194386e-15,
                -10.945084293550133
            ],
            [
                11.527109507948762,
                -8.499807900269363e-15,
                -8.430774595441088
            ],
            [
                6.498490111730738,
                -8.499807900269363e-15,
                -8.430774595441088
            ],
            [
                6.498490111730738,
                -4.282258413217015e-15,
                -5.916464897332041
            ],
            [
                11.527109507948762,
                -4.282258413217015e-15,
                -5.916464897332041
            ],
            [
                11.527109507948762,
                -3.755064727335474e-15,
                -3.402155199222996
            ],
            [
                6.498490111730738,
                -3.755064727335474e-15,
                -3.402155199222996
            ],
            [
                6.498490111730738,
                -5.9517050851752335e-15,
                -0.8878455011139712
            ],
            [
                3.9841804136216608,
                -5.9517050851752335e-15,
                -0.8878455011139712
            ],
            [
                3.9841804136216608,
                8.721852505194386e-15,
                -10.945084293550133
            ]
        ],
        "tag": "default"
    },
    "|IK_FK|curveShape34": {
        "spans": 11,
        "degree": 1,
        "form": 0,
        "cv_len": 12,