{
    "|Joint|JointShape": {
        "spans": 8,
        "degree": 3,
        "form": 2,
        "cv_len": 8,
        "cv_pos": [
            [
                10.398788581723094,
                1.999022974280309e-15,
                -10.398788581723094
            ],
            [
                9.004893949855608e-16,
                2.2627702116850087e-15,
                -14.706107844523274
            ],
            [
                -10.398788581723094,
                1.999022974280309e-15,
                -10.398788581723094
            ],
            [
                -14.706107844523276,
                1.3622808166994472e-15,
                -4.849209677662471e-15
            ],
            [
                -10.398788581723094,
                7.255386591185859e-16,
                10.398788581723094
            ],
            [
                -1.4731208807535898e-15,
                4.617914217138864e-16,
                14.706107844523276
            ],
            [
                10.398788581723094,
                7.255386591185859e-16,
                10.398788581723094
            ],
            [
                14.706107844523276,
                1.3622808166994472e-15,
                -2.081375715741309e-15
            ]
        ],
        "tag": "default"
    },
    "|Joint|JointShape1": {
        "spans": 8,
        "degree": 3,
        "form": 2,
        "cv_len": 8,
        "cv_pos": [
            [
                10.398788581723094,
                10.398788581723094,
                -3.450100292517483e-15
            ],
            [
                9.004893949855608e-16,
                14.706107844523274,
                -3.1863530551127815e-15
            ],
            [
                -10.398788581723094,
                10.398788581723094,
                -3.450100292517483e-15
            ],
            [
                -14.706107844523276,
                2.1246480442635738e-15,
                -4.086842450098343e-15
            ],
            [
                -10.398788581723094,
                -10.398788581723094,
                -4.723584607679207e-15
            ],
            [
                -1.4731208807535898e-15,
                -14.706107844523276,
                -4.987331845083904e-15
            ],
            [
                10.398788581723094,
                -10.398788581723094,
                -4.723584607679207e-15
            ],
            [
                14.706107844523276,
                -6.431859176575864e-16,
                -4.086842450098343e-15
            ]
        ],
        "tag": "default"
    },
    "|Joint|JointShape2": {
        "spans": 8,
        "degree": 3,
        "form": 2,
        "cv_len": 8,
        "cv_pos": [
            [
                -6.367421575808617e-16,
                10.398788581723094,
                -10.398788581723094
            ],
            [
                -9.004893949855608e-16,
                2.2627702116850087e-15,
                -14.706107844523274
            ],
            [
                -6.367421575808617e-16,
                -10.398788581723094,
                -10.398788581723094
            ],
            [
                -4.6681529250562476e-32,
                -14.706107844523276,
                -4.849209677662471e-15
            ],
            [
                6.367421575808617e-16,
                -10.398788581723094,
                10.398788581723094
            ],
            [
                9.00489394985561e-16,
                -1.1084006405414238e-16,
                14.706107844523276
            ],
            [
                6.367421575808617e-16,
                10.398788581723094,
                10.398788581723094
            ],
            [
                1.2279942085134177e-31,
                14.706107844523276,
                -2.081375715741309e-15
            ]
        ],
        "tag": "default"
    }
}