{
    "|Octa_cylinder|curveShape28": {
        "spans": 8,
        "degree": 1,
        "form": 2,
        "cv_len": 8,
        "cv_pos": [
            [
                -4.510048659579441,
                -8.039272572163037,
                3.3926973118737474e-16
            ],
            [
                -3.174999822207287,
                -8.039394736697798,
                3.174811263011358
            ],
            [
                -0.00018856260277466674,
                -8.039685249920696,
                4.509860101816134
            ],
            [
                3.1746226970017384,
                -8.039975763143598,
                3.1748112630113594
            ],
            [
                4.509671534373896,
                -8.040097927678358,
                -5.08904596781062e-16
            ],
            [
                3.1746226970017384,
                -8.039975763143598,
                -3.1748112630113603
            ],
            [
                -0.00018856260277466674,
                -8.039685249920696,
                -4.509860101816133
            ],
            [
                -3.174999822207287,
                -8.039394736697798,
                -3.174811263011358
            ]
        ],
        "tag": "default"
    },
    "|Octa_cylinder|curveShape29": {
        "spans": 8,
        "degree": 1,
        "form": 2,
        "cv_len": 8,
        "cv_pos": [
            [
                -4.509671534373896,
                8.040097927678358,
                5.08904596781062e-16
            ],
            [
                -3.1746226970017384,
                8.039975763143598,
                3.1748112630113603
            ],
            [
                0.00018856260277466674,
                8.039685249920696,
                4.509860101816133
            ],
            [
                3.174999822207287,
                8.039394736697798,
                3.174811263011358
            ],
            [
                4.510048659579441,
                8.039272572163037,
                -3.3926973118737474e-16
            ],
            [
                3.174999822207287,
                8.039394736697798,
                -3.174811263011358
            ],
            [
                0.00018856260277466674,
                8.039685249920696,
                -4.509860101816134
            ],
            [
                -3.1746226970017384,
                8.039975763143598,
                -3.1748112630113594
            ]
        ],
        "tag": "default"
    },
    "|Octa_cylinder|curveShape30": {
        "spans": 2,
        "degree": 1,
        "form": 2,
        "cv_len": 2,
        "cv_pos": [
            [
                -4.510048659579441,
                -8.039272572163037,
                3.3926973118737474e-16
            ],
            [
                -4.509671534373896,
                8.040097927678358,
                5.08904596781062e-16
            ]
        ],
        "tag": "default"
    },
    "|Octa_cylinder|curveShape31": {
        "spans": 2,
        "degree": 1,
        "form": 2,
        "cv_len": 2,
        "cv_pos": [
            [
                4.510048659579441,
                8.039272572163037,
                -3.3926973118737474e-16
            ],
            [
                4.509671534373896,
                -8.040097927678358,
                -5.08904596781062e-16
            ]
        ],
        "tag": "default"
    },
    "|Octa_cylinder|curveShape32": {
        "spans": 2,
        "degree": 1,
        "form": 2,
        "cv_len": 2,
        "cv_pos": [
            [
                -0.00018856260277466674,
                -8.039685249920696,
                4.509860101816134
            ],
            [
                0.00018856260277466674,
                8.039685249920696,
                4.509860101816133
            ]
        ],
        "tag": "default"
    },
    "|Octa_cylinder|curveShape33": {
        "spans": 2,
        "degree": 1,
        "form": 2,
        "cv_len": 2,
        "cv_pos": [
            [
                0.00018856260277466674,
                8.039685249920696,
                -4.509860101816134
            ],
            [
                -0.00018856260277466674,
                -8.039685249920696,
                -4.509860101816133
            ]
        ],
        "tag": "default"
    }
}