{
    "|plus_square|curveShape1": {
        "spans": 4,
        "degree": 1,
        "form": 0,
        "cv_len": 5,
        "cv_pos": [
            [
                0.0,
                0.0,
                -12.267689776022031
            ],
            [
                0.0,
                0.0,
                12.267689776022031
            ],
            [
                0.0,
                0.0,
                0.0
            ],
            [
                12.267689776022031,
                0.0,
                0.0
            ],
            [
                -12.267689776022031,
                0.0,
                0.0
            ]
        ],
        "tag": "default"
    },
    "|plus_square|curveShape2": {
        "spans": 4,
        "degree": 1,
        "form": 0,
        "cv_len": 5,
        "cv_pos": [
            [
                -24.67182435273124,
                -1.808109837684614e-15,
                -24.892707384822444
            ],
            [
                -24.67182435273124,
                1.808109837684614e-15,
                24.892707384822444
            ],
            [
                24.67182435273124,
                1.808109837684614e-15,
                24.892707384822444
            ],
            [
                24.67182435273124,
                -1.808109837684614e-15,
                -24.892707384822444
            ],
            [
                -24.67182435273124,
                -1.808109837684614e-15,
                -24.892707384822444
            ]
        ],
        "tag": "default"
    }
}