{
    "|pyramid|curveShape1": {
        "spans": 10,
        "degree": 1,
        "form": 0,
        "cv_len": 11,
        "cv_pos": [
            [
                0.0,
                13.126743338824241,
                -7.993605777301127e-15
            ],
            [
                9.787566773436723,
                -6.448390208049187,
                9.787566773436717
            ],
            [
                -9.787566773436723,
                -6.448390208049187,
                9.787566773436717
            ],
            [
                0.0,
                13.126743338824241,
                -7.993605777301127e-15
            ],
            [
                -9.787566773436723,
                -6.448390208049203,
                -9.787566773436716
            ],
            [
                -9.787566773436723,
                -6.448390208049187,
                9.787566773436717
            ],
            [
                9.787566773436723,
                -6.448390208049187,
                9.787566773436717
            ],
            [
                9.787566773436723,
                -6.448390208049203,
                -9.787566773436716
            ],
            [
                0.0,
                13.126743338824241,
                -7.993605777301127e-15
            ],
            [
                -9.787566773436723,
                -6.448390208049203,
                -9.787566773436716
            ],
            [
                9.787566773436723,
                -6.448390208049203,
                -9.787566773436716
            ]
        ],
        "tag": "default"
    }
}