{
    "|square|curveShape12": {
        "spans": 4,
        "degree": 1,
        "form": 0,
        "cv_len": 5,
        "cv_pos": [
            [
                -20.95276219774882,
                -1.5355530630722085e-15,
                -21.14034904089255
            ],
            [
                -20.95276219774882,
                1.5355530630722085e-15,
                21.14034904089255
            ],
            [
                20.95276219774882,
                1.5355530630722085e-15,
                21.14034904089255
            ],
            [
                20.95276219774882,
                -1.5355530630722085e-15,
                -21.14034904089255
            ],
            [
                -20.95276219774882,
                -1.5355530630722085e-15,
                -21.14034904089255
            ]
        ],
        "tag": "default"
    }
}