{
    "|triangle|curveShape13": {
        "spans": 3,
        "degree": 1,
        "form": 0,
        "cv_len": 4,
        "cv_pos": [
            [
                0.0,
                4.059109665510069e-15,
                -16.492247426913377
            ],
            [
                -21.222960520661232,
                1.2699608526906843e-15,
                9.676939144116272
            ],
            [
                21.222960520661232,
                1.2699608526906843e-15,
                9.676939144116272
            ],
            [
                0.0,
                4.059109665510069e-15,
                -16.492247426913377
            ]
        ],
        "tag": "default"
    }
}