{
    "|v|vShape": {
        "spans": 8,
        "degree": 1,
        "form": 0,
        "cv_len": 9,
        "cv_pos": [
            [
                -4.1510969405449885,
                0.0,
                -1.8168643153985506
            ],
            [
                -6.098311467699558e-05,
                0.0,
                4.363122388625119
            ],
            [
                6.098311467699558e-05,
                0.0,
                4.363122388625119
            ],
            [
                4.1510969405449885,
                0.0,
                -1.8168643153985506
            ],
            [
                2.0755484702724942,
                0.0,
                -1.8168643153985506
            ],
            [
                7.673047967349931e-08,
                0.0,
                1.3139665777465304
            ],
            [
                -7.673047967349931e-08,
                0.0,
                1.3139665777465304
            ],
            [
                -2.0755484702724942,
                0.0,
                -1.8168643153985506
            ],
            [
                -4.1510969405449885,
                0.0,
                -1.8168643153985506
            ]
        ],
        "tag": "default"
    }
}