{
    "|circle_half|curveShape29": {
        "spans": 8,
        "degree": 3,
        "form": 2,
        "cv_len": 8,
        "cv_pos": [
            [
                -9.894279053810493,
                0.0,
                -16.199257041551622
            ],
            [
                0.0,
                -1.7763568394002505e-15,
                -20.297601615543954
            ],
            [
                9.894279053810497,
                -1.7763568394002505e-15,
                -16.19925704155163
            ],
            [
                13.992623627802832,
                -4.163336342344337e-16,
                -0.33330178883428374
            ],
            [
                9.894279053810493,
                -1.790234627208065e-15,
                -0.33318235452880796
            ],
            [
                1.3461454173580023e-15,
                -2.0816681711721685e-16,
                -0.33318235411897446
            ],
            [
                -9.894279053810493,
                4.440892098500626e-16,
                -0.3331823545288093
            ],
            [
                -13.992623627802837,
                1.3877787807814457e-17,
                -0.33330178883428063
            ]
        ],
        "tag": "default"
    }
}