{
    "|IK_hand|curveShape1": {
        "spans": 5,
        "degree": 1,
        "form": 2,
        "cv_len": 5,
        "cv_pos": [
            [
                -2.496902960633485,
                -1.6653345369377348e-16,
                19.805910579751945
            ],
            [
                -4.99380592126697,
                -3.3306690738754696e-16,
                19.805910579751945
            ],
            [
                0.0,
                0.0,
                24.79971650101891
            ],
            [
                4.99380592126697,
                3.3306690738754696e-16,
                19.805910579751945
            ],
            [
                2.496902960633485,
                1.6653345369377348e-16,
                19.805910579751945
            ]
        ],
        "tag": "default"
    },
    "|IK_hand|curveShape2": {
        "spans": 5,
        "degree": 1,
        "form": 2,
        "cv_len": 5,
        "cv_pos": [
            [
                -20.098771590957714,
                -4.440892098500626e-16,
                -2.4969029606334914
            ],
            [
                -20.098771590957714,
                -4.440892098500626e-16,
                -4.993805921266976
            ],
            [
                -25.09257751222467,
                0.0,
                0.0
            ],
            [
                -20.098771590957707,
                4.440892098500626e-16,
                4.993805921266976
            ],
            [
                -20.098771590957714,
                -4.440892098500626e-16,
                2.4969029606334843
            ]
        ],
        "tag": "default"
    },
    "|IK_hand|curveShape3": {
        "spans": 5,
        "degree": 1,
        "form": 2,
        "cv_len": 5,
        "cv_pos": [
            [
                2.4969029606334567,
                5.551115123125783e-17,
                -19.2565734909681
            ],
            [
                4.993805921266944,
                5.551115123125783e-16,
                -19.2565734909681
            ],
            [
                -3.6502983234786224e-14,
                1.5777218104420236e-30,
                -24.2503794122351
            ],
            [
                -4.99380592126701,
                0.0,
                -19.256573490968098
            ],
            [
                -2.496902960633514,
                -2.7755575615628914e-16,
                -19.256573490968098
            ]
        ],
        "tag": "default"
    },
    "|IK_hand|curveShape4": {
        "spans": 5,
        "degree": 1,
        "form": 2,
        "cv_len": 5,
        "cv_pos": [
            [
                20.098771590957707,
                -4.440892098500626e-16,
                2.4969029606334914
            ],
            [
                20.098771590957707,
                -4.440892098500626e-16,
                4.993805921266979
            ],
            [
                25.09257751222467,
                0.0,
                7.105427357601002e-15
            ],
            [
                20.098771590957714,
                4.440892098500626e-16,
                -4.993805921266976
            ],
            [
                20.098771590957714,
                4.440892098500626e-16,
                -2.496902960633488
            ]
        ],
        "tag": "default"
    },
    "|IK_hand|curveShape5": {
        "spans": 8,
        "degree": 3,
        "form": 2,
        "cv_len": 8,
        "cv_pos": [
            [
                12.96171788557587,
                2.220446049250313e-16,
                -12.119519785586276
            ],
            [
                1.186620898492907e-15,
                5.742915619448908e-16,
                -18.536791814801877
            ],
            [
                -12.96171788557587,
                8.881784197001252e-16,
                -12.119519785586276
            ],
            [
                -19.378989914791443,
                -1.3322676295501878e-15,
                0.8421980999895895
            ],
            [
                -12.96171788557587,
                -2.220446049250313e-16,
                13.803915985565473
            ],
            [
                -1.941206673662735e-15,
                -5.742915619448918e-16,
                20.22118801478102
            ],
            [
                12.96171788557587,
                -8.881784197001252e-16,
                13.803915985565473
            ],
            [
                19.378989914791443,
                1.3322676295501878e-15,
                0.8421980999895933
            ]
        ],
        "tag": "default"
    }
}