{
    "|crosshair|crosshairShape": {
        "spans": 1,
        "degree": 1,
        "form": 0,
        "cv_len": 2,
        "cv_pos": [
            [
                0.0,
                -1.0047094642049847e-31,
                24.527588892911357
            ],
            [
                0.0,
                -1.0047094642049847e-31,
                17.050360692537804
            ]
        ],
        "tag": "default"
    },
    "|crosshair|crosshairShape1": {
        "spans": 1,
        "degree": 1,
        "form": 0,
        "cv_len": 2,
        "cv_pos": [
            [
                24.527588892911357,
                -1.0047094642049847e-31,
                0.0
            ],
            [
                17.050360692537804,
                -1.0047094642049847e-31,
                0.0
            ]
        ],
        "tag": "default"
    },
    "|crosshair|crosshairShape2": {
        "spans": 1,
        "degree": 1,
        "form": 0,
        "cv_len": 2,
        "cv_pos": [
            [
                0.0,
                -1.0047094642049847e-31,
                -24.527588892911357
            ],
            [
                0.0,
                -1.0047094642049847e-31,
                -17.050360692537804
            ]
        ],
        "tag": "default"
    },
    "|crosshair|crosshairShape3": {
        "spans": 1,
        "degree": 1,
        "form": 0,
        "cv_len": 2,
        "cv_pos": [
            [
                -24.527588892911357,
                -1.0047094642049847e-31,
                0.0
            ],
            [
                -17.050360692537804,
                -1.0047094642049847e-31,
                0.0
            ]
        ],
        "tag": "default"
    },
    "|crosshair|nurbsCircleShape1": {
        "spans": 8,
        "degree": 3,
        "form": 2,
        "cv_len": 8,
        "cv_pos": [
            [
                19.17680872373075,
                1.1922874557330951e-15,
                -19.17680872373075
            ],
            [
                1.6606273653584257e-15,
                1.6861490901450541e-15,
                -27.120102980134643
            ],
            [
                -19.17680872373075,
                1.1922874557330951e-15,
                -19.17680872373075
            ],
            [
                -27.120102980134643,
                5.874077939505187e-31,
                -9.39345037411879e-15
            ],
            [
                -19.17680872373075,
                -1.1922874557330937e-15,
                19.176808723730705
            ],
            [
                -2.7166392638078143e-15,
                -1.6861490901450543e-15,
                27.120102980134643
            ],
            [
                19.17680872373075,
                -1.1922874557330937e-15,
                19.176808723730705
            ],
            [
                27.120102980134643,
                2.700579712845606e-31,
                -4.289180578683371e-15
            ]
        ],
        "tag": "default"
    }
}