{
    "|diamond|curveShape9": {
        "spans": 15,
        "degree": 1,
        "form": 0,
        "cv_len": 16,
        "cv_pos": [
            [
                17.126997405588227,
                0.0,
                17.12699740558822
            ],
            [
                0.0,
                17.126997405588227,
                0.0
            ],
            [
                17.126997405588227,
                0.0,
                -17.12699740558822
            ],
            [
                17.126997405588227,
                0.0,
                17.12699740558822
            ],
            [
                -17.126997405588227,
                0.0,
                17.12699740558822
            ],
            [
                0.0,
                17.126997405588227,
                0.0
            ],
            [
                -17.126997405588227,
                0.0,
                -17.12699740558822
            ],
            [
                -17.126997405588227,
                0.0,
                17.12699740558822
            ],
            [
                -17.126997405588227,
                0.0,
                -17.12699740558822
            ],
            [
                17.126997405588227,
                0.0,
                -17.12699740558822
            ],
            [
                0.0,
                -17.126997405588227,
                0.0
            ],
            [
                -17.126997405588227,
                0.0,
                -17.12699740558822
            ],
            [
                0.0,
                -17.126997405588227,
                0.0
            ],
            [
                -17.126997405588227,
                0.0,
                17.12699740558822
            ],
            [
                0.0,
                -17.126997405588227,
                0.0
            ],
            [
                17.126997405588227,
                0.0,
                17.12699740558822
            ]
        ],
        "tag": "default"
    }
}