{
    "|hexagon|curveShape10": {
        "spans": 6,
        "degree": 1,
        "form": 0,
        "cv_len": 7,
        "cv_pos": [
            [
                -23.103491049252813,
                0.0,
                -11.551745524626407
            ],
            [
                -23.103491049252813,
                0.0,
                11.551745524626407
            ],
            [
                0.0,
                0.0,
                23.103491049252813
            ],
            [
                23.103491049252813,
                0.0,
                11.551745524626407
            ],
            [
                23.103491049252813,
                0.0,
                -11.551745524626407
            ],
            [
                0.0,
                0.0,
                -23.103491049252813
            ],
            [
                -23.103491049252813,
                0.0,
                -11.551745524626407
            ]
        ],
        "tag": "default"
    }
}